{
    "F": 0.20028618983967988,
    "CR": 0.2026240023592023,
    "size": 179,
    "G": 757
}