{
    "F": 0.7152168806181485,
    "CR": 0.25316049013926456,
    "size": 187,
    "G": 703
}