{
    "F": 0.1265797305977047,
    "CR": 0.8353901072868943,
    "size": 58,
    "G": 994
}