{
    "F": 0.3546022919152625,
    "CR": 0.9141235310063132,
    "size": 237,
    "G": 885
}