{
    "size": 149,
    "W": 0.7805850666756954,
    "C1": 1.937260303766354,
    "C2": 1.6477991136219599,
    "max_iter": 21
}