{
    "size": 205,
    "W": 0.8241450291201795,
    "C1": 2.0030225491507037,
    "C2": 2.0973862663038116,
    "max_iter": 273
}