{
    "size": 288,
    "W": 0.7140005962311259,
    "C1": 2.0794032130141207,
    "C2": 1.5010088643725954,
    "max_iter": 336
}