{
    "size": 209,
    "W": 0.546599277828193,
    "C1": 2.150116341393624,
    "C2": 2.1882011594534254,
    "max_iter": 250
}