{
    "F": 0.2564433757358273,
    "CR": 0.9837597179653635,
    "size": 297,
    "G": 826
}