{
    "F": 0.3340219639522418,
    "CR": 0.6244912827557629,
    "size": 123,
    "G": 976
}