{
    "F": 0.42341230529834273,
    "CR": 0.9154600485896482,
    "size": 170,
    "G": 994
}