{
    "F": 0.5538860380862762,
    "CR": 0.294579368409496,
    "size": 54,
    "G": 981
}