{
    "F": 0.2539691574503927,
    "CR": 0.8898909529130147,
    "size": 193,
    "G": 833
}