{
    "F": 0.3127066111353832,
    "CR": 0.9580923447944124,
    "size": 181,
    "G": 871
}