{
    "F": 0.49001784289129435,
    "CR": 0.24921000358163362,
    "size": 263,
    "G": 987
}