{
    "F": 0.9990331664945507,
    "CR": 0.019127275234172555,
    "size": 278,
    "G": 900
}