{
    "F": 0.5037456648176726,
    "CR": 0.2950230540116735,
    "size": 36,
    "G": 998
}