{
    "F": 0.5572781439168639,
    "CR": 0.13643178327198205,
    "size": 220,
    "G": 965
}