{
    "F": 0.1193089549958982,
    "CR": 0.8688259947036671,
    "size": 223,
    "G": 724
}