{
    "F": 0.29111815440013317,
    "CR": 0.8245725252988343,
    "size": 206,
    "G": 729
}